{
  "stereoset_intra-BertForMaskedLM_c-bert-base-uncased_s-likelihood_d-dev": {
    "intrasentence": {
      "gender": {
        "Count": 765.0,
        "LM Score": 85.79022571631266,
        "SS Score": 63.93016259103215,
        "ICAT Score": 61.888789857321
      },
      "profession": {
        "Count": 2430.0,
        "LM Score": 82.65493314194387,
        "SS Score": 61.44272071035787,
        "ICAT Score": 63.73898683641255
      },
      "race": {
        "Count": 2886.0,
        "LM Score": 85.66785675023388,
        "SS Score": 57.445486685420484,
        "ICAT Score": 72.91107901418637
      },
      "religion": {
        "Count": 237.0,
        "LM Score": 88.45977011494251,
        "SS Score": 56.45977011494253,
        "ICAT Score": 77.03117452767867
      },
      "overall": {
        "Count": 2106.0,
        "LM Score": 84.64522031360369,
        "SS Score": 59.746836433430666,
        "ICAT Score": 68.14475796823572
      }
    },
    "overall": {
      "Count": 2106.0,
      "LM Score": 84.64522031360369,
      "SS Score": 59.746836433430666,
      "ICAT Score": 68.14475796823572
    }
  },
  "stereoset_intra-BertForMaskedLM_c-bert-test-uncased_s-likelihood_d-dev": {
    "intrasentence": {
      "gender": {
        "Count": 765.0,
        "LM Score": 85.79022571631266,
        "SS Score": 63.93016259103215,
        "ICAT Score": 61.888789857321
      },
      "profession": {
        "Count": 2430.0,
        "LM Score": 82.65493314194387,
        "SS Score": 61.44272071035787,
        "ICAT Score": 63.73898683641255
      },
      "race": {
        "Count": 2886.0,
        "LM Score": 85.66785675023388,
        "SS Score": 57.445486685420484,
        "ICAT Score": 72.91107901418637
      },
      "religion": {
        "Count": 237.0,
        "LM Score": 88.45977011494251,
        "SS Score": 56.45977011494253,
        "ICAT Score": 77.03117452767867
      },
      "overall": {
        "Count": 2106.0,
        "LM Score": 84.64522031360369,
        "SS Score": 59.746836433430666,
        "ICAT Score": 68.14475796823572
      }
    },
    "overall": {
      "Count": 2106.0,
      "LM Score": 84.64522031360369,
      "SS Score": 59.746836433430666,
      "ICAT Score": 68.14475796823572
    }
  },
  "stereoset_intra-BertForMaskedLM_c-bert-cda-uncased-0_s-likelihood_d-dev": {
    "intrasentence": {
      "gender": {
        "Count": 765.0,
        "LM Score": 83.03528066136762,
        "SS Score": 61.219247901856605,
        "ICAT Score": 64.40341269456516
      },
      "profession": {
        "Count": 2430.0,
        "LM Score": 81.62462537095706,
        "SS Score": 58.41261004129731,
        "ICAT Score": 67.89110251070016
      },
      "race": {
        "Count": 2886.0,
        "LM Score": 82.00951999282941,
        "SS Score": 57.3996796664381,
        "ICAT Score": 69.87263644192365
      },
      "religion": {
        "Count": 237.0,
        "LM Score": 88.16091954022988,
        "SS Score": 55.3103448275862,
        "ICAT Score": 78.79762187871583
      },
      "overall": {
        "Count": 2106.0,
        "LM Score": 82.22679805196121,
        "SS Score": 58.18848459154451,
        "ICAT Score": 68.76054067475069
      }
    },
    "overall": {
      "Count": 2106.0,
      "LM Score": 82.22679805196121,
      "SS Score": 58.18848459154451,
      "ICAT Score": 68.76054067475069
    }
  },
  "stereoset_intra-BertForMaskedLM_c-bert-cda-uncased-1_s-likelihood_d-dev": {
    "intrasentence": {
      "gender": {
        "Count": 765.0,
        "LM Score": 83.50055186359535,
        "SS Score": 58.593832254701816,
        "ICAT Score": 69.14875714578
      },
      "profession": {
        "Count": 2430.0,
        "LM Score": 81.86266370635235,
        "SS Score": 60.87935449517944,
        "ICAT Score": 64.05040493873099
      },
      "race": {
        "Count": 2886.0,
        "LM Score": 82.0104718697949,
        "SS Score": 57.9571434261616,
        "ICAT Score": 68.9590901274919
      },
      "religion": {
        "Count": 237.0,
        "LM Score": 89.79310344827586,
        "SS Score": 50.160919540229884,
        "ICAT Score": 89.50411414982165
      },
      "overall": {
        "Count": 2106.0,
        "LM Score": 82.43850287954389,
        "SS Score": 58.85137821980896,
        "ICAT Score": 67.84461550231083
      }
    },
    "overall": {
      "Count": 2106.0,
      "LM Score": 82.43850287954389,
      "SS Score": 58.85137821980896,
      "ICAT Score": 67.84461550231083
    }
  },
  "stereoset_intra-BertForMaskedLM_c-bert-cda-uncased-2_s-likelihood_d-dev": {
    "intrasentence": {
      "gender": {
        "Count": 765.0,
        "LM Score": 80.32983111896155,
        "SS Score": 59.98271374358332,
        "ICAT Score": 64.29163693634186
      },
      "profession": {
        "Count": 2430.0,
        "LM Score": 80.37736382926145,
        "SS Score": 60.57594218837448,
        "ICAT Score": 63.376036767017226
      },
      "race": {
        "Count": 2886.0,
        "LM Score": 81.33075493903446,
        "SS Score": 54.113423756801666,
        "ICAT Score": 74.63979774853769
      },
      "religion": {
        "Count": 237.0,
        "LM Score": 86.06896551724138,
        "SS Score": 53.97701149425287,
        "ICAT Score": 79.22302021403092
      },
      "overall": {
        "Count": 2106.0,
        "LM Score": 81.02194051170157,
        "SS Score": 57.30531256727453,
        "ICAT Score": 69.18412850679952
      }
    },
    "overall": {
      "Count": 2106.0,
      "LM Score": 81.02194051170157,
      "SS Score": 57.30531256727453,
      "ICAT Score": 69.18412850679952
    }
  },
  "stereoset_intra-BertForMaskedLM_c-bert-loss-uncased_s-likelihood_d-dev": {
    "intrasentence": {
      "gender": {
        "Count": 765.0,
        "LM Score": 60.889029649899214,
        "SS Score": 54.356886591669195,
        "ICAT Score": 55.58329771267133
      },
      "profession": {
        "Count": 2430.0,
        "LM Score": 67.47990423175804,
        "SS Score": 50.74401879337879,
        "ICAT Score": 66.47577789328146
      },
      "race": {
        "Count": 2886.0,
        "LM Score": 76.36252167158622,
        "SS Score": 52.85248655705833,
        "ICAT Score": 72.00606034096073
      },
      "religion": {
        "Count": 237.0,
        "LM Score": 60.41379310344828,
        "SS Score": 49.793103448275865,
        "ICAT Score": 60.1638049940547
      },
      "overall": {
        "Count": 2106.0,
        "LM Score": 70.42505801188838,
        "SS Score": 52.12605387489852,
        "ICAT Score": 67.43050866236582
      }
    },
    "overall": {
      "Count": 2106.0,
      "LM Score": 70.42505801188838,
      "SS Score": 52.12605387489852,
      "ICAT Score": 67.43050866236582
    }
  },
  "stereoset_intra-BertForMaskedLM_c-bert-loss-uncased-lr02_s-likelihood_d-dev": {
    "intrasentence": {
      "gender": {
        "Count": 765.0,
        "LM Score": 60.889029649899214,
        "SS Score": 54.356886591669195,
        "ICAT Score": 55.58329771267133
      },
      "profession": {
        "Count": 2430.0,
        "LM Score": 67.47990423175804,
        "SS Score": 50.74401879337879,
        "ICAT Score": 66.47577789328146
      },
      "race": {
        "Count": 2886.0,
        "LM Score": 76.36252167158622,
        "SS Score": 52.85248655705833,
        "ICAT Score": 72.00606034096073
      },
      "religion": {
        "Count": 237.0,
        "LM Score": 60.41379310344828,
        "SS Score": 49.793103448275865,
        "ICAT Score": 60.1638049940547
      },
      "overall": {
        "Count": 2106.0,
        "LM Score": 70.42505801188838,
        "SS Score": 52.12605387489852,
        "ICAT Score": 67.43050866236582
      }
    },
    "overall": {
      "Count": 2106.0,
      "LM Score": 70.42505801188838,
      "SS Score": 52.12605387489852,
      "ICAT Score": 67.43050866236582
    }
  },